<?xml version="1.0" encoding="UTF-8"?>
<TEI xmlns="http://www.tei-c.org/ns/1.0">
  <teiHeader>
    <fileDesc>
      <titleStmt>
          <title>TEI Document</title>
      </titleStmt>
      <publicationStmt>
          <publisher>Unknown</publisher>
          <date when="2022">Published 2022</date>
      </publicationStmt>
      <sourceDesc>
          <p>Created for TEI assignment.</p>
      </sourceDesc>
    </fileDesc>
  </teiHeader>
  <text>
    <body>
      <div>
        <p>This is the <name type="organizational">ACME Corporation</name>. Our story started on <date when="1904">1904</date>.</p>
        <p>In <name type="location">New York City</name>, we forged our name in the industrial sector.</p>
        <p>Today we are a leading firm in the industry.</p>
      </div>
      <div>
        <p>Our CEO, <name type="person">John Doe</name>, has been instrumental in our recent growth.</p>
      </div>
    </body>
  </text>
</TEI>
